mood,city,state,reason,image_url,preferred_activities,activities_reason
spiritual,Badrinath,Uttarakhand,Ancient Char Dham temple amid Himalayan peaks,https://images.unsplash.com/photo-1590766940554-153a4d9afce7,"Hiking, Photography, Meditation, Temple Visits, Yoga","Famous for spiritual treks to Vasudhara Falls, breathtaking Himalayan photography spots, meditation near sacred shrines, visits to Badrinath Temple, and yoga retreats in the holy atmosphere"
spiritual,Varanasi,Uttar Pradesh,Holy city with ancient temples and spiritual ghats along the Ganges,https://images.unsplash.com/photo-1561361058-c12e04d4fcab,"Boat Rides, Photography, Temple Visits, Meditation, Cultural Performances","Known for sunrise boat rides on the Ganges, photography of spiritual ceremonies, visits to ancient temples including Kashi Vishwanath, meditation by the ghats, and evening Ganga Aarti performances"
spiritual,Amritsar,Punjab,Home to the Golden Temple and spiritual center of Sikhism,https://images.unsplash.com/photo-1588096344356-9b796388b887,"Temple Visits, Photography, Cultural Tours, Volunteering, Culinary Exploration","Offers spiritual visits to Golden Temple, photography of architecture, guided tours of Sikh heritage sites, volunteering opportunities at the langar (community kitchen), and exploration of authentic Punjabi cuisine"
spiritual,Tirupati,Andhra Pradesh,Sacred temple of Lord Venkateshwara atop Tirumala hills,https://images.unsplash.com/photo-1621831714462-bec401aa0dbc,"Temple Visits, Hiking, Meditation, Photography, Volunteering","Features pilgrimages to Venkateshwara Temple, scenic hill treks, peaceful meditation spaces, photography of temple architecture, and seva (service) opportunities at the temple"
spiritual,Rishikesh,Uttarakhand,Yoga capital of the world with numerous ashrams and temples,https://images.unsplash.com/photo-1593181629936-11c609b8db9b,"Yoga, Meditation, Rafting, Hiking, Ashram Stays","World-renowned for yoga retreats and classes, meditation by the Ganges, white water rafting adventures, hiking to waterfalls and caves, and authentic ashram stay experiences"
spiritual,Haridwar,Uttarakhand,Holy city where Ganga enters plains with evening Aarti,https://images.unsplash.com/photo-1592477480562-3e1b57e3b125,"Temple Visits, Meditation, Photography, Yoga, River Bathing","Famous for temples along the Ganges, meditation at Har Ki Pauri, photography of Ganga Aarti ceremonies, yoga in sacred environments, and ritual bathing in the purifying Ganges waters"
spiritual,Puri,Odisha,Famous Jagannath Temple and spiritual beach town,https://images.unsplash.com/photo-1623060386759-341f7491be1f,"Temple Visits, Beach Walks, Meditation, Cultural Performances, Photography","Offers visits to the sacred Jagannath Temple, spiritual walks along Puri Beach, meditation spots, traditional Odissi dance performances, and photography of the magnificent temple architecture"
spiritual,Mathura,Uttar Pradesh,Birthplace of Lord Krishna with numerous temples,https://images.unsplash.com/photo-1589308454676-72b58c4953c7,"Temple Visits, Boat Rides, Cultural Performances, Photography, Festival Celebrations","Known for Krishna temple tours, boat rides on the Yamuna, traditional Raslila performances, photography of ancient temples, and vibrant celebrations of Krishna Janmashtami"
spiritual,Dharamshala,Himachal Pradesh,Seat of Dalai Lama and Buddhist spirituality,https://images.unsplash.com/photo-1566552881560-0be862a7c445,"Meditation, Hiking, Monastery Visits, Yoga, Cultural Workshops","Famous for guided meditation sessions, hiking in the Himalayan foothills, visits to Tibetan monasteries, mountain yoga retreats, and workshops on Tibetan culture and crafts"
spiritual,Pushkar,Rajasthan,Sacred lake and only Brahma temple with spiritual essence,https://images.unsplash.com/photo-1584552541329-5c8947fdb622,"Temple Visits, Meditation, Camel Safaris, Photography, Market Exploration","Offers visits to the unique Brahma Temple, meditation by the sacred lake, desert camel safaris, photography of ghats and temples, and exploration of vibrant spiritual markets"
spiritual,Madurai,Tamil Nadu,Ancient Meenakshi Temple with rich spiritual heritage,https://images.unsplash.com/photo-1621831714462-bec401aa0dbc,"Temple Visits, Photography, Cultural Tours, Cooking Classes, Textile Shopping","Known for tours of the magnificent Meenakshi Temple, photography of colorful Dravidian architecture, guided cultural heritage walks, South Indian cooking classes, and shopping for traditional Madurai textiles"
spiritual,Dwarka,Gujarat,One of the Char Dhams and Krishna's kingdom,https://images.unsplash.com/photo-1623060386759-341f7491be1f,"Temple Visits, Beach Walks, Meditation, Boat Rides, Photography","Features visits to Dwarkadhish Temple, spiritual walks along beaches, meditation spots overlooking the Arabian Sea, boat trips to Bet Dwarka island, and photography of ancient ruins and temples"
spiritual,Rameswaram,Tamil Nadu,Important pilgrimage site with Jyotirlinga temple,https://images.unsplash.com/photo-1590051433770-568b3a3d8fdb,"Temple Visits, Beach Activities, Photography, Bridge Crossing, Ritual Bathing","Famous for the Ramanathaswamy Temple tour, activities at Dhanushkodi Beach, photography of temple corridors, crossing Pamban Bridge, and ritual bathing in the 22 sacred wells"
spiritual,Kedarnath,Uttarakhand,Sacred Shiva temple amid stunning Himalayan peaks,https://images.unsplash.com/photo-1590766940554-153a4d9afce7,"Trekking, Temple Visits, Meditation, Photography, Helicopter Tours","Offers challenging treks to the temple, spiritual visits to Kedarnath shrine, meditation in pristine Himalayan settings, photography of snow-capped peaks, and scenic helicopter rides for aerial views"
spiritual,Bodh Gaya,Bihar,Place of Buddha's enlightenment with Mahabodhi Temple,https://images.unsplash.com/photo-1623060386759-341f7491be1f,"Meditation, Temple Visits, Monastery Tours, Cultural Workshops, Photography","World-renowned for meditation under the Bodhi Tree, visits to Mahabodhi Temple, tours of international Buddhist monasteries, workshops on Buddhist philosophy, and photography of sacred sites"
relaxing,Goa,Goa,Beautiful beaches with serene coastal atmosphere,https://images.unsplash.com/photo-1587922546307-776227941871,"Surfing, Beach Yoga, Fishing, Water Sports, Spa Treatments","Perfect for surfing at Arambol Beach, sunrise yoga sessions on the shore, fishing excursions with locals, thrilling water sports at Baga Beach, and luxurious Ayurvedic spa treatments"
relaxing,Munnar,Kerala,Peaceful tea plantations and misty mountains,https://images.unsplash.com/photo-1593693397690-362cb9666fc2,"Hiking, Tea Tasting, Photography, Bird Watching, Spa Retreats","Known for scenic hikes through tea plantations, tea factory tours and tasting sessions, photography of misty landscapes, bird watching in Eravikulam National Park, and rejuvenating natural spa treatments"
relaxing,Coorg,Karnataka,Coffee plantations and tranquil hills,https://images.unsplash.com/photo-1582036683518-9b7c4155ad06,"Coffee Tours, Hiking, Wildlife Spotting, River Rafting, Fishing","Famous for guided coffee plantation tours, hiking to Abbey Falls, wildlife spotting in Nagarhole National Park, white water rafting in the Barapole River, and fishing in pristine mountain streams"
relaxing,Andaman Islands,Andaman & Nicobar,Pristine beaches and clear waters,https://images.unsplash.com/photo-1590050752117-2384a,"Snorkeling, Scuba Diving, Island Hopping, Beach Camping, Glass Bottom Boat Rides","Offers world-class snorkeling in coral reefs, scuba diving with marine life, boat tours to remote islands, luxury beach camping experiences, and glass bottom boat rides to view underwater treasures"
relaxing,Udaipur,Rajasthan,Lake city with peaceful palaces and gardens,https://images.unsplash.com/photo-1567683014511-0d5b93e97acd,"Boat Rides, Palace Tours, Cultural Performances, Cooking Classes, Spa Treatments","Known for romantic boat rides on Lake Pichola, guided tours of historic palaces, traditional Rajasthani dance performances, authentic cooking classes, and royal spa treatments"
relaxing,Alleppey,Kerala,Serene backwaters and houseboat stays,https://images.unsplash.com/photo-1593693397690-362cb9666fc2,"Houseboat Cruises, Canoeing, Fishing, Ayurvedic Treatments, Village Walks","Famous for overnight houseboat cruises through backwaters, traditional canoe explorations, fishing with locals, authentic Ayurvedic wellness treatments, and guided walks through peaceful villages"
relaxing,Darjeeling,West Bengal,Scenic tea gardens and mountain views,https://images.unsplash.com/photo-1544634076-c7f7cd955ee3,"Tea Tours, Himalayan Railway Rides, Photography, Trekking, Paragliding","Offers guided tea garden tours and tastings, historic toy train rides, photography of Kanchenjunga views, trekking to Tiger Hill, and paragliding adventures with mountain panoramas"
relaxing,Manali,Himachal Pradesh,Peaceful mountain town with river views,https://images.unsplash.com/photo-1626621341517-bbf3d9990a23,"Hiking, Hot Springs, River Rafting, Orchard Tours, Paragliding","Known for scenic hikes to Solang Valley, relaxation in Vashisht hot springs, thrilling rafting on River Beas, guided apple orchard tours, and paragliding with panoramic Himalayan views"
relaxing,Kovalam,Kerala,Tranquil beach resort town,https://images.unsplash.com/photo-1590050752117-2384a,"Beach Yoga, Ayurvedic Treatments, Surfing, Catamaran Rides, Photography","Features morning beach yoga sessions, traditional Ayurvedic wellness centers, surfing lessons for beginners, catamaran rides along the coast, and photography of lighthouse and sunset views"
relaxing,Kasol,Himachal Pradesh,Peaceful hamlet in Parvati Valley,https://images.unsplash.com/photo-1626621341517-bbf3d9990a23,"Trekking, Riverside Camping, Israeli Food Experiences, Hot Springs, Village Tours","Offers serene treks to Kheerganga, camping along the Parvati River, authentic Israeli cuisine experiences, relaxation in natural hot springs, and guided tours of traditional Himachali villages"
relaxing,Mahabaleshwar,Maharashtra,Hill station with peaceful strawberry farms,https://images.unsplash.com/photo-1587922546307-776227941871,"Strawberry Picking, Hiking, Horse Riding, Boating, Birdwatching","Famous for strawberry farm tours and picking, hiking to viewpoints like Arthur's Seat, horse riding through scenic trails, boating on Venna Lake, and birdwatching in the Western Ghats"
relaxing,Lansdowne,Uttarakhand,Quiet cantonment town with pine forests,https://images.unsplash.com/photo-1590766940554-153a4d9afce7,"Bird Watching, Nature Walks, Photography, Boating, Meditation","Known for bird watching in pine forests, peaceful nature walks, photography of colonial architecture, boating on Bhulla Lake, and meditation in tranquil mountain settings"
relaxing,Varkala,Kerala,Cliff beach with peaceful atmosphere,https://images.unsplash.com/photo-1593693397690-362cb9666fc2,"Cliff Yoga, Ayurvedic Treatments, Swimming, Paragliding, Cooking Classes","Offers yoga sessions on the cliff, traditional Ayurvedic wellness centers, swimming in protected coves, paragliding along the coastline, and Kerala cooking classes"
relaxing,Mount Abu,Rajasthan,Only hill station in Rajasthan with lakes,https://images.unsplash.com/photo-1567683014511-0d5b93e97acd,"Boating, Nature Walks, Sunrise Viewing, Temple Visits, Wildlife Spotting","Features boating on Nakki Lake, scenic walks on nature trails, sunrise viewing at Guru Shikhar, visits to Dilwara Temples, and wildlife spotting in Mount Abu Wildlife Sanctuary"
relaxing,Pondicherry,Puducherry,French colonial town with peaceful beaches,https://images.unsplash.com/photo-1582036683518-9b7c4155ad06,"Cycling Tours, Scuba Diving, Auroville Visits, Yoga, French Cuisine Workshops","Known for cycling through French Quarter, scuba diving at Coral Reef, spiritual visits to Auroville, beach-side yoga sessions, and authentic French and Tamil fusion cooking workshops"
adventurous,Leh,Ladakh,High-altitude desert with motorcycling routes,https://images.unsplash.com/photo-1626621341517-bbf3d9990a23,"Motorcycling, Trekking, Mountain Biking, River Rafting, Monastery Tours","Famous for Royal Enfield motorcycle tours, high-altitude treks like Markha Valley, mountain biking on world's highest roads, white water rafting on Zanskar River, and visits to ancient Buddhist monasteries"
adventurous,Spiti Valley,Himachal Pradesh,Remote valley with challenging terrain,https://images.unsplash.com/photo-1626621341517-bbf3d9990a23,"Trekking, Village Homestays, Fossil Hunting, Photography, Mountain Biking","Offers challenging treks to Chandratal Lake, authentic homestays in remote villages, fossil hunting in prehistoric seabeds, photography of stark landscapes, and extreme mountain biking trails"
adventurous,Auli,Uttarakhand,Skiing destination with adventure sports,https://images.unsplash.com/photo-1590766940554-153a4d9afce7,"Skiing, Snowboarding, Cable Car Rides, Trekking, Camping","Known for downhill skiing on Asia's longest slopes, snowboarding in winter months, panoramic cable car rides, summer trekking to Valley of Flowers, and camping under Himalayan stars"
adventurous,Gulmarg,Kashmir,Skiing and snowboarding paradise,https://images.unsplash.com/photo-1544634076-c7f7cd955ee3,"Skiing, Snowboarding, Gondola Rides, Sledding, Heli-Skiing","World-famous for powder skiing on pristine slopes, snowboarding parks, rides on one of world's highest gondolas, traditional sledding adventures, and exclusive heli-skiing expeditions"
adventurous,Bir Billing,Himachal Pradesh,Paragliding capital of India,https://images.unsplash.com/photo-1626621341517-bbf3d9990a23,"Paragliding, Trekking, Mountain Biking, Monastery Visits, Camping","Internationally renowned for paragliding competitions, trekking in Dhauladhar ranges, mountain biking through forest trails, visits to Tibetan monasteries, and camping in scenic meadows"
adventurous,Tawang,Arunachal Pradesh,Remote monastery town with snow sports,https://images.unsplash.com/photo-1566552881560-0be862a7c445,"Monastery Tours, Trekking, Snow Sports, Lake Visits, Photography","Features tours of Tawang Monastery, trekking to high-altitude lakes, winter snow sports, visits to Pankang Teng Tso Lake, and photography of pristine mountain landscapes"
adventurous,Zanskar,Ladakh,River rafting and trekking destination,https://images.unsplash.com/photo-1626621341517-bbf3d9990a23,"River Rafting, Chadar Trek, Monastery Tours, Rock Climbing, Photography","Famous for extreme white water rafting, winter Chadar frozen river trek, tours of remote monasteries, rock climbing on natural formations, and photography of untouched valleys"
adventurous,Manali,Himachal Pradesh,Adventure sports hub with skiing,https://images.unsplash.com/photo-1626621341517-bbf3d9990a23,"Paragliding, Skiing, Mountain Biking, Trekking, Zorbing","Offers tandem paragliding at Solang Valley, winter skiing on fresh slopes, mountain biking through forest trails, trekking to Beas Kund, and zorbing adventures on grassy slopes"
adventurous,Rishikesh,Uttarakhand,River rafting and bungee jumping,https://images.unsplash.com/photo-1593181629936-11c609b8db9b,"River Rafting, Bungee Jumping, Cliff Jumping, Trekking, Zip-lining","Known for white water rafting on the Ganges, India's highest bungee jumping platform, cliff jumping at Neer Gaddu, trekking to Neelkanth Mahadev, and flying fox zip-lining adventures"
adventurous,Andaman Islands,Andaman & Nicobar,Scuba diving and water sports,https://images.unsplash.com/photo-1590050752117-2384a,"Scuba Diving, Snorkeling, Sea Walking, Jet Skiing, Night Kayaking","World-class scuba diving at Havelock Island, snorkeling in coral reefs, sea walking on ocean floor, jet skiing at Rajiv Gandhi Water Sports Complex, and bioluminescent night kayaking tours"
adventurous,Munsiyari,Uttarakhand,Trekking paradise with glacier views,https://images.unsplash.com/photo-1590766940554-153a4d9afce7,"Trekking, Glacier Expeditions, Wildlife Photography, Camping, Bird Watching","Offers challenging treks to Milam Glacier, guided expeditions to Nanda Devi base, wildlife photography in alpine zones, camping under clear mountain skies, and Himalayan bird watching"
adventurous,Valley of Flowers,Uttarakhand,Challenging trek with unique flowers,https://images.unsplash.com/photo-1590766940554-153a4d9afce7,"Trekking, Flower Photography, Camping, Bird Watching, Botanical Studies","Famous for UNESCO World Heritage treks, rare flower photography during monsoon, camping at Ghangaria, bird watching in alpine meadows, and guided botanical study tours"
adventurous,Dzukou Valley,Nagaland,Remote trekking destination,https://images.unsplash.com/photo-1626621341517-bbf3d9990a23,"Trekking, Camping, Photography, Cultural Tours, Bird Watching","Known for scenic treks through unique terrain, camping amid rolling green hills, photography of seasonal flowers, tours of Angami villages, and bird watching in diverse habitats"
adventurous,Panchgani,Maharashtra,Paragliding and adventure activities,https://images.unsplash.com/photo-1587922546307-776227941871,"Paragliding, Horse Riding, Mountain Biking, Hiking, Go-Karting","Offers paragliding with valley views, horse riding through strawberry fields, mountain biking on plateau trails, hiking to Table Land, and recreational go-karting tracks"
adventurous,Jaisalmer,Rajasthan,Desert camping and dune bashing,https://images.unsplash.com/photo-1584552541329-5c8947fdb622,"Dune Bashing, Camel Safaris, Desert Camping, Parasailing, Fort Exploration","Famous for thrilling dune bashing in SUVs, overnight camel safaris, luxury desert camping under stars, desert parasailing adventures, and exploration of Jaisalmer Fort"
romantic,Udaipur,Rajasthan,Lake Palace and romantic boat rides,https://images.unsplash.com/photo-1567683014511-0d5b93e97acd,"Boat Rides, Palace Tours, Cooking Classes, Puppet Shows, Cultural Performances","Known for sunset boat rides on Lake Pichola, guided tours of the City Palace, couple's cooking classes for Rajasthani cuisine, traditional puppet show performances, and cultural dance shows"
romantic,Darjeeling,West Bengal,Scenic railway and mountain views,https://images.unsplash.com/photo-1544634076-c7f7cd955ee3,"Toy Train Rides, Tea Garden Walks, Sunrise Viewing, Cable Car Rides, Photography","Famous for heritage toy train journeys, romantic walks through tea estates, sunrise viewing at Tiger Hill, panoramic cable car rides, and photography of Kanchenjunga views"
romantic,Srinagar,Kashmir,Dal Lake houseboats and gardens,https://images.unsplash.com/photo-1566552881560-0be862a7c445,"Shikara Rides, Houseboat Stays, Garden Visits, Shopping, Photography","Offers intimate shikara boat rides, luxury stays on houseboats, visits to Mughal Gardens, shopping for local crafts, and photography of lake and mountain landscapes"
romantic,Agra,Uttar Pradesh,Taj Mahal and romantic architecture,https://images.unsplash.com/photo-1564507592333-c60657eea523,"Monument Tours, Sunset Viewing, Fine Dining, Photography, Horse Carriage Rides","Home to guided Taj Mahal tours, sunset viewing from Mehtab Bagh, fine dining with monument views, heritage photography opportunities, and traditional tonga (horse carriage) rides"
romantic,Ooty,Tamil Nadu,Scenic railway and flower gardens,https://images.unsplash.com/photo-1590051433770-568b3a3d8fdb,"Toy Train Rides, Botanical Garden Visits, Boating, Tea Factory Tours, Horse Riding","Features heritage Nilgiri Mountain Railway journeys, walks through Government Botanical Gardens, boating on Ooty Lake, guided tea factory tours with tastings, and horse riding through eucalyptus forests"
romantic,Dalhousie,Himachal Pradesh,Colonial charm and mountain views,https://images.unsplash.com/photo-1626621341517-bbf3d9990a23,"Nature Walks, Waterfall Visits, Mall Road Strolls, Photography, Boat Rides","Known for walks through pine-scented paths, visits to Panchpula Waterfall, evening strolls on Mall Road, photography of colonial architecture, and boat rides on Chamera Lake"
romantic,Kodaikanal,Tamil Nadu,Misty hills and lake boat rides,https://images.unsplash.com/photo-1590051433770-568b3a3d8fdb,"Boating, Cycling, Star Gazing, Waterfall Visits, Nature Walks","Offers pedal boat rides on Kodai Lake, tandem cycling around the lake, star gazing at the observatory, visits to Silver Cascade Falls, and walks through the pine forest"
romantic,Shimla,Himachal Pradesh,Colonial architecture and mall road,https://images.unsplash.com/photo-1626621341517-bbf3d9990a23,"Mall Road Walks, Ice Skating, Heritage Tours, Horse Riding, Fine Dining","Famous for evening walks on historic Mall Road, winter ice skating (oldest in South Asia), tours of colonial buildings, horse riding to Jakhu Temple, and dining at historic restaurants"
romantic,Nainital,Uttarakhand,Lake city with romantic boat rides,https://images.unsplash.com/photo-1590766940554-153a4d9afce7,"Boating, Cable Car Rides, Mall Road Strolls, Photography, Candlelight Dining","Known for rowing boat rides on Naini Lake, scenic cable car rides to Snow View, evening strolls on Mall Road, photography of lake views, and intimate candlelight dining experiences"
romantic,Matheran,Maharashtra,No-vehicle hill station with views,https://images.unsplash.com/photo-1587922546307-776227941871,"Horse Riding, Viewpoint Walks, Hand Cart Rides, Photography, Mini Train Journeys","Offers romantic horse riding tours, walks to panoramic viewpoints, traditional hand cart rides, photography of valley views, and scenic mini train journeys on the Neral-Matheran railway"
romantic,Mussoorie,Uttarakhand,Queen of Hills with romantic walks,https://images.unsplash.com/photo-1590766940554-153a4d9afce7,"Cable Car Rides, Mall Road Strolls, Waterfall Visits, Photography, Picnics","Features Gunhill cable car rides, evening walks on illuminated Mall Road, visits to Kempty Falls, photography of Doon Valley, and scenic picnics at Cloud's End"
romantic,Shillong,Meghalaya,Scotland of the East with lakes,https://images.unsplash.com/photo-1566552881560-0be862a7c445,"Boating, Waterfall Visits, Golf, Cave Exploration, Cultural Tours","Known for boating on Ward's Lake, visits to Elephant Falls, golf at historic Shillong Golf Course, exploration of Mawsmai Caves, and tours of local Khasi villages and culture"
romantic,Kumarakom,Kerala,Backwater resort destination,https://images.unsplash.com/photo-1593693397690-362cb9666fc2,"Houseboat Cruises, Bird Watching, Ayurvedic Spa, Fishing, Village Tours","Offers luxury houseboat cruises, bird watching at Bird Sanctuary, couples Ayurvedic spa treatments, traditional fishing experiences, and guided tours of Kerala village life"
romantic,Port Blair,Andaman & Nicobar,Island romance with beaches,https://images.unsplash.com/photo-1590050752117-2384a,"Island Hopping, Scuba Diving, Sunset Cruises, Beach Dinners, Historic Tours","Features private island hopping tours, couple's scuba diving experiences, romantic sunset cruises, exclusive beach dinners, and tours of historic Cellular Jail and museums"
romantic,Lavasa,Maharashtra,Planned city with Mediterranean feel,https://images.unsplash.com/photo-1587922546307-776227941871,"Lakeside Walks, Water Sports, Photography, Spa Treatments, Fine Dining","Known for romantic promenade walks, couple's water sports on the lake, photography of colorful buildings, luxury spa treatments, and fine dining with waterfront views"
cultural,Jaipur,Rajasthan,Pink City with rich Rajasthani culture,https://images.unsplash.com/photo-1584552541329-5c8947fdb622,"Fort Tours, Craft Workshops, Folk Performances, Block Printing Classes, Heritage Walks","Famous for guided tours of Amber Fort, traditional craft workshops, Rajasthani folk dance and music shows, hands-on block printing classes, and specialized heritage walks through the old city"
cultural,Kolkata,West Bengal,Cultural capital with art and literature,https://images.unsplash.com/photo-1544634076-c7f7cd955ee3,"Museum Tours, Literary Walks, Clay Art Workshops, River Cruises, Food Tours","Known for museum tours including Victoria Memorial, walks through College Street book market, traditional clay art workshops, Hooghly River heritage cruises, and Bengali cuisine food tours"
cultural,Mysore,Karnataka,Palace city with classical dance,https://images.unsplash.com/photo-1582036683518-9b7c4155ad06,"Palace Tours, Classical Dance Shows, Silk Market Visits, Incense Making Workshops, Art Gallery Tours","Offers guided Mysore Palace tours, Bharatanatyam and Kathak dance performances, tours of traditional silk markets, sandalwood incense making workshops, and visits to Jaganmohan Art Gallery"
cultural,Hampi,Karnataka,Ancient ruins and temple architecture,https://images.unsplash.com/photo-1582036683518-9b7c4155ad06,"Archaeological Tours, Rock Climbing, Coracle Rides, Temple Photography, Music Sessions","Features guided tours of UNESCO ruins, bouldering and rock climbing, traditional round coracle boat rides, specialized photography of ancient temples, and classical music sessions at Vittala Temple"
cultural,Khajuraho,Madhya Pradesh,Temple art and architecture,https://images.unsplash.com/photo-1623060386759-341f7491be1f,"Temple Tours, Dance Festival Visits, Sculpture Workshops, Sound & Light Shows, Archaeological Photography","Known for guided temple art tours, visits during famous dance festivals, stone sculpture workshops, evening sound and light shows, and specialized archaeological photography sessions"
cultural,Lucknow,Uttar Pradesh,Nawabi culture and cuisine,https://images.unsplash.com/photo-1589308454676-72b58c4953c7,"Heritage Walks, Culinary Tours, Chikankari Shopping, Kathak Classes, Historical Reenactments","Offers Nawabi heritage walks, kebab and cuisine trails, shopping for authentic Chikankari embroidery, classical Kathak dance lessons, and historical reenactments at Residency ruins"
cultural,Thanjavur,Tamil Nadu,Classical music and dance center,https://images.unsplash.com/photo-1590051433770-568b3a3d8fdb,"Temple Tours, Bronze Casting Workshops, Veena Music Lessons, Classical Dance Shows, Art Gallery Visits","Famous for Brihadeeswarar Temple tours, traditional bronze metal casting workshops, Veena music appreciation sessions, Bharatanatyam dance performances, and visits to Thanjavur Art Gallery"
cultural,Ajanta Caves,Maharashtra,Ancient Buddhist cave paintings,https://images.unsplash.com/photo-1587922546307-776227941871,"Cave Tours, Buddhist Art Workshops, Photography Classes, Meditation Sessions, Nature Walks","Known for guided archaeological cave tours, Buddhist art appreciation workshops, specialized cave painting photography classes, meditation sessions in ancient settings, and scenic nature walks"
cultural,Ellora Caves,Maharashtra,Rock-cut temple architecture,https://images.unsplash.com/photo-1587922546307-776227941871,"Cave Tours, Rock Sculpture Workshops, Archaeological Photography, History Lectures, Nearby Fort Visits","Features guided tours of Hindu, Buddhist and Jain caves, stone sculpture techniques workshops, specialized archaeological photography sessions, expert history talks, and visits to nearby Daulatabad Fort"
cultural,Konark,Odisha,Sun Temple and Odishi dance,https://images.unsplash.com/photo-1623060386759-341f7491be1f,"Temple Tours, Dance Performances, Stone Carving Demonstrations, Photography Workshops, Beach Visits","Known for Sun Temple architectural tours, traditional Odissi dance performances, ancient stone carving technique demonstrations, specialized temple photography workshops, and relaxing visits to Chandrabhaga Beach"
cultural,Santiniketan,West Bengal,Tagore's university town,https://images.unsplash.com/photo-1544634076-c7f7cd955ee3,"University Tours, Baul Music Performances, Batik Workshops, Literary Walks, Rural Fairs","Offers guided Visva Bharati University tours, folk Baul music performances, hands-on Batik art workshops, Rabindranath Tagore literary heritage walks, and experiencing traditional Poush Mela fair"
cultural,Orchha,Madhya Pradesh,Medieval architecture and paintings,https://images.unsplash.com/photo-1623060386759-341f7491be1f,"Fort Palace Tours, River Walks, Miniature Painting Classes, Temple Photography, Rural Tourism","Features guided tours of medieval palaces, scenic walks along Betwa River, traditional miniature painting workshops, specialized temple photography sessions, and authentic rural village tourism"
cultural,Mahabalipuram,Tamil Nadu,Shore temple and stone carvings,https://images.unsplash.com/photo-1590051433770-568b3a3d8fdb,"Archaeological Tours, Stone Sculpture Workshops, Beach Activities, Dance Performances, Crocodile Farm Visits","Known for UNESCO site archaeological tours, traditional stone sculpture carving workshops, beachside activities, classical dance performances, and educational visits to the crocodile farm"
cultural,Ahmedabad,Gujarat,Heritage city with unique culture,https://images.unsplash.com/photo-1623060386759-341f7491be1f,"Heritage Walks, Textile Workshops, Kite Festival, Food Tours, Museum Visits","Famous for UNESCO heritage walks through pols, traditional textile and block printing workshops, participation in vibrant Uttarayan kite festival, Gujarati cuisine food trails, and visits to unique museums like Calico Museum of Textiles"
cultural,Bhubaneswar,Odisha,Temple city with rich traditions,https://images.unsplash.com/photo-1623060386759-341f7491be1f,"Temple Tours, Stone Carving Workshops, Classical Dance Lessons, Museum Visits, Tribal Craft Shopping","Renowned for guided tours of ancient temples, traditional Odisha stone carving workshops, Odissi dance classes, visits to Museum of Tribal Arts & Artifacts, and shopping for authentic tribal handicrafts"
festive,Varanasi,Uttar Pradesh,Dev Deepawali celebrations,https://images.unsplash.com/photo-1561361058-c12e04d4fcab,"Ganga Aarti, Lamp Lighting Ceremonies, Cultural Performances, Temple Tours, Boat Cruises","Famous for evening Ganga Aarti rituals, participating in Dev Deepawali lamp lighting along ghats, traditional music and dance performances, visits to ancient temples, and illuminated boat cruises on the Ganges"
festive,Pushkar,Rajasthan,Camel fair and cultural festival,https://images.unsplash.com/photo-1584552541329-5c8947fdb622,"Camel Rides, Cultural Performances, Livestock Trading, Hot Air Balloon Rides, Photography","Known for desert camel safari experiences, traditional Rajasthani folk performances, observation of authentic livestock trading, scenic hot air balloon flights over the fair, and photography of vibrantly decorated camels"
festive,Panaji,Goa,Carnival and Christmas celebrations,https://images.unsplash.com/photo-1587922546307-776227941871,"Carnival Parades, Midnight Mass, Street Parties, Cultural Performances, Food Festivals","Offers colorful carnival parade experiences, traditional Christmas midnight mass attendance, lively street parties with music and dance, Portuguese-influenced cultural performances, and festive season food and wine festivals"
festive,Kolkata,West Bengal,Durga Puja festivities,https://images.unsplash.com/photo-1544634076-c7f7cd955ee3,"Pandal Hopping, Cultural Performances, Food Trails, Artisan Workshops, Festival Photography","Features guided tours of elaborate themed pandals, traditional Bengali cultural performances, street food exploration during festivities, workshops with idol artisans, and specialized photography tours of illuminated venues"
festive,Jaipur,Rajasthan,Teej and elephant festival,https://images.unsplash.com/photo-1584552541329-5c8947fdb622,"Procession Viewing, Elephant Rides, Folk Performances, Mehndi Application, Festival Shopping","Known for viewing colorful Teej processions, decorated elephant rides and ceremonies, traditional Rajasthani folk dance performances, application of festive henna designs, and shopping for Teej festival handicrafts"
festive,Amritsar,Punjab,Baisakhi celebrations,https://images.unsplash.com/photo-1588096344356-9b796388b887,"Gurdwara Visits, Harvest Dances, Langar Participation, Turban Tying, Folk Music Shows","Offers visits to Golden Temple during celebrations, participation in energetic Bhangra and Gidda dances, community kitchen volunteering experiences, traditional turban tying lessons, and vibrant Punjabi folk music performances"
festive,Mumbai,Maharashtra,Ganesh Chaturthi festivities,https://images.unsplash.com/photo-1587922546307-776227941871,"Pandal Visits, Procession Viewing, Modak Making Classes, Aarti Participation, Festival Photography","Features tours of elaborate Ganesh pandals, viewing of immersion processions, workshops for making traditional modak sweets, participation in festival aartis, and guided photography of city-wide celebrations"
festive,Mysore,Karnataka,Dasara celebrations,https://images.unsplash.com/photo-1582036683518-9b7c4155ad06,"Palace Lighting Tours, Procession Viewing, Cultural Performances, Craft Exhibition Visits, Elephant Painting Observation","Famous for illuminated Mysore Palace evening tours, viewing the grand Jumboo Savari procession, traditional music and dance performances, visits to Dasara exhibition of crafts, and observing ceremonial elephant painting rituals"
festive,Hyderabad,Telangana,Ramzan celebrations,https://images.unsplash.com/photo-1623060386759-341f7491be1f,"Food Walks, Mosque Tours, Night Markets, Perfume Shopping, Cultural Performances","Known for Haleem and Iftar food trails, guided tours of decorated mosques, exploration of vibrant night bazaars, shopping for traditional ittar perfumes, and Qawwali music performances during the holy month"
festive,Madurai,Tamil Nadu,Pongal celebrations,https://images.unsplash.com/photo-1590051433770-568b3a3d8fdb,"Temple Rituals, Harvest Activities, Kolam Making, Bull Taming Viewing, Traditional Cooking Classes","Offers participation in temple harvest rituals, traditional farming activity experiences, colorful rice flour Kolam design workshops, viewing of Jallikattu bull taming events, and classes for making Pongal festive dishes"
festive,Ujjain,Madhya Pradesh,Kumbh Mela celebrations,https://images.unsplash.com/photo-1623060386759-341f7491be1f,"Holy Dips, Sadhu Meetings, Ritual Observations, Spiritual Discourses, Festival Photography","Features participation in sacred river bathing ceremonies, interactions with sadhus and ascetics, observation of ancient religious rituals, attendance at spiritual leader discourses, and guided photography of one of world's largest gatherings"
festive,Puri,Odisha,Rath Yatra festival,https://images.unsplash.com/photo-1623060386759-341f7491be1f,"Chariot Pulling, Temple Visits, Sand Art Viewing, Cultural Performances, Festival Food Tasting","Known for joining the chariot pulling procession, special Jagannath temple visits, viewing of intricate Rath Yatra themed sand art, Odissi dance performances, and sampling of traditional festival prasad and cuisine"
festive,Nashik,Maharashtra,Kumbh Mela celebrations,https://images.unsplash.com/photo-1587922546307-776227941871,"River Rituals, Akhara Visits, Spiritual Walks, Religious Discourses, Cultural Performances","Offers participation in Godavari River ceremonies, visits to different religious akharas, guided spiritual walks through festival grounds, attendance at saints' religious discourses, and traditional Maharashtra folk performances"
festive,Thrissur,Kerala,Pooram festival,https://images.unsplash.com/photo-1593693397690-362cb9666fc2,"Elephant Processions, Percussion Performances, Firework Displays, Temple Visits, Cultural Shopping","Famous for viewing ornately decorated elephant parades, experiencing thunderous Panchavadyam percussion ensembles, spectacular fireworks displays, visits to Vadakkunnathan Temple, and shopping for festival crafts and attire"
festive,Bhubaneswar,Odisha,Konark dance festival,https://images.unsplash.com/photo-1623060386759-341f7491be1f,"Dance Performances, Temple Tours, Dance Workshops, Photography Sessions, Handicraft Shopping","Features classical dance performances against Sun Temple backdrop, guided architectural tours, introductory dance form workshops, specialized performance photography sessions, and shopping for traditional Odisha handicrafts"
peaceful,Tawang,Arunachal Pradesh,Serene monasteries and mountains,https://images.unsplash.com/photo-1566552881560-0be862a7c445,"Monastery Visits, Mountain Hiking, Lake Meditation, Local Interaction, Bird Watching","Offers peaceful visits to ancient Tawang Monastery, serene hikes in surrounding mountains, meditation sessions by Pankang Teng Tso Lake, authentic interactions with Monpa tribespeople, and Himalayan bird watching opportunities"
peaceful,Khajjar,Himachal Pradesh,Mini Switzerland with meadows,https://images.unsplash.com/photo-1626621341517-bbf3d9990a23,"Meadow Walks, Horse Riding, Forest Hiking, Picnicking, Photography","Known for tranquil walks across the meadow plateau, gentle horse riding tours, peaceful cedar forest hiking trails, picnic spots with panoramic views, and landscape photography of the mountain-surrounded meadows"
peaceful,Silent Valley,Kerala,National park with rare species,https://images.unsplash.com/photo-1593693397690-362cb9666fc2,"Nature Walks, Bird Watching, Photography, Rainforest Treks, Meditation Retreats","Features guided silent nature walks, rare bird spotting opportunities, wildlife photography in pristine settings, educational rainforest biodiversity treks, and forest meditation retreats in undisturbed environments"
peaceful,Ziro Valley,Arunachal Pradesh,Rice fields and tribal culture,https://images.unsplash.com/photo-1566552881560-0be862a7c445,"Rice Field Walks, Tribal Village Visits, Bamboo Craft Workshops, Bird Watching, Photography","Offers serene walks through terraced rice paddies, respectful visits to Apatani tribal homes, traditional bamboo craft learning sessions, subtropical bird watching experiences, and landscape photography of unique terrain"
peaceful,Majuli,Assam,River island with monastery culture,https://images.unsplash.com/photo-1566552881560-0be862a7c445,"Sattra Visits, Mask Making Workshops, Boat Rides, Birdwatching, Rural Homestays","Known for peaceful visits to Vaishnavite sattras (monasteries), traditional mask making craft workshops, tranquil boat rides on the Brahmaputra, riverine bird watching opportunities, and authentic rural family homestay experiences"
peaceful,Dhanaulti,Uttarakhand,Quiet hill station with forests,https://images.unsplash.com/photo-1590766940554-153a4d9afce7,"Forest Walks, Eco Park Visits, Meditation, Apple Orchard Tours, Mountain Gazing","Features serene deodar forest walking trails, visits to peaceful Eco Parks, guided meditation sessions, tours of traditional apple orchards, and contemplative Himalayan mountain viewing spots"
peaceful,Mawlynnong,Meghalaya,Asia's cleanest village,https://images.unsplash.com/photo-1566552881560-0be862a7c445,"Living Root Bridge Visits, Village Walks, Bamboo Skywalk, Organic Farm Tours, Waterfall Visits","Offers tranquil exploration of living root bridges, peaceful walks through the immaculate village, views from bamboo skywalks, educational tours of traditional organic farms, and quiet visits to nearby waterfalls"
peaceful,Pangong Lake,Ladakh,Peaceful high-altitude lake,https://images.unsplash.com/photo-1626621341517-bbf3d9990a23,"Lakeshore Meditation, Photography, Star Gazing, Sunrise Viewing, Quiet Camping","Known for meditative experiences by the blue waters, high-altitude landscape photography, exceptional night sky star gazing, peaceful sunrise viewing over mountains, and tranquil lakeside camping experiences"
peaceful,Tirthan Valley,Himachal Pradesh,Peaceful river valley,https://images.unsplash.com/photo-1626621341517-bbf3d9990a23,"Riverside Relaxation, Trout Fishing, Forest Meditation, Village Walks, Waterfall Hiking","Features peaceful relaxation by clear Tirthan River, gentle trout fishing experiences, meditation sessions in ancient forests, quiet walks through traditional villages, and serene hikes to hidden waterfalls"
peaceful,Wayanad,Kerala,Peaceful wildlife sanctuary,https://images.unsplash.com/photo-1593693397690-362cb9666fc2,"Wildlife Watching, Bamboo Rafting, Plantation Walks, Cave Exploration, Forest Bathing","Offers quiet wildlife observation experiences, gentle bamboo rafting adventures, serene walks through spice plantations, exploration of ancient Edakkal caves, and therapeutic forest bathing in pristine rainforests"
peaceful,Mechuka,Arunachal Pradesh,Remote peaceful valley,https://images.unsplash.com/photo-1566552881560-0be862a7c445,"Mountain Meditation, River Walks, Buddhist Temple Visits, Apple Orchard Tours, Star Gazing","Known for meditation with panoramic mountain views, peaceful walks along Yargyap Chu River, serene Buddhist temple visitations, tours of traditional apple orchards, and clear night sky star gazing experiences"
peaceful,Yuksom,Sikkim,First capital with peaceful monasteries,https://images.unsplash.com/photo-1566552881560-0be862a7c445,"Monastery Visits, Forest Walks, Meditation Retreats, Hot Spring Bathing, Mountain Trail Hiking","Features tranquil visits to Dubdi Monastery, serene walks through old-growth forests, guided meditation retreats, relaxing natural hot spring bathing, and peaceful hiking on Kanchenjunga base camp trails"
peaceful,Diskit,Ladakh,Peaceful monastery town,https://images.unsplash.com/photo-1626621341517-bbf3d9990a23,"Monastery Meditation, Desert Walks, Buddha Statue Visits, Nubra Valley Views, Quiet Camping","Offers meditation sessions at Diskit Monastery, peaceful walks in the high-altitude desert, contemplative visits to towering Buddha statue, serene viewpoints over Nubra Valley, and quiet camping under desert stars"
peaceful,Chilika Lake,Odisha,Peaceful lagoon with birds,https://images.unsplash.com/photo-1623060386759-341f7491be1f,"Bird Watching, Boat Safaris, Island Visits, Dolphin Spotting, Sunset Meditation","Known for quiet bird watching of over 160 species, peaceful boat safaris across the lagoon, visits to tranquil islands like Honeymoon Island, gentle Irrawaddy dolphin spotting excursions, and sunset meditation by the waters"
peaceful,Horsley Hills,Andhra Pradesh,Peaceful hill station,https://images.unsplash.com/photo-1621831714462-bec401aa0dbc,"Nature Walks, Environmental Education, Windmill Visits, Viewpoint Meditation, Eucalyptus Forest Trails","Features serene nature walks on quiet trails, educational visits to Environment Park, peaceful viewings of wind energy farms, meditation at scenic viewpoints, and tranquil strolls through fragrant eucalyptus forests"